{
  "global_ranking_metrics": [
    {
      "score": "raw_stateroll_cost",
      "candidate_auc": 0.4975002257445411,
      "episodes": 300,
      "episodes_with_success": 235,
      "episodes_without_success": 65,
      "first_success_rank_mean": 3.1617021276595745,
      "first_success_rank_median": 1.0,
      "near_miss_count": 70,
      "rank_histogram": {
        "1": 165,
        "4": 5,
        "6": 3,
        "2": 21,
        "26": 2,
        "16": 2,
        "22": 1,
        "3": 4,
        "5": 7,
        "17": 1,
        "11": 3,
        "8": 4,
        "10": 3,
        "9": 2,
        "13": 1,
        "7": 2,
        "12": 1,
        "27": 3,
        "28": 1,
        "15": 1,
        "14": 1,
        "19": 2
      },
      "top1_success_recall": 55.00000000000001,
      "top3_success_recall": 63.33333333333333,
      "top5_success_recall": 67.33333333333333,
      "top10_success_recall": 72.0,
      "top30_success_recall": 78.33333333333333,
      "split": "splitA_train42_44_val45_47"
    },
    {
      "score": "bce_calibrated_utility",
      "candidate_auc": 0.6899225953651873,
      "episodes": 300,
      "episodes_with_success": 235,
      "episodes_without_success": 65,
      "first_success_rank_mean": 2.880851063829787,
      "first_success_rank_median": 1.0,
      "near_miss_count": 71,
      "rank_histogram": {
        "1": 164,
        "3": 11,
        "9": 4,
        "2": 18,
        "10": 1,
        "26": 2,
        "5": 5,
        "4": 7,
        "7": 7,
        "8": 2,
        "16": 1,
        "21": 1,
        "12": 3,
        "6": 2,
        "25": 1,
        "22": 1,
        "17": 2,
        "14": 1,
        "18": 1,
        "30": 1
      },
      "top1_success_recall": 54.666666666666664,
      "top3_success_recall": 64.33333333333333,
      "top5_success_recall": 68.33333333333333,
      "top10_success_recall": 73.66666666666667,
      "top30_success_recall": 78.33333333333333,
      "split": "splitA_train42_44_val45_47"
    },
    {
      "score": "rank_preserve_utility",
      "candidate_auc": 0.5313146787813596,
      "episodes": 300,
      "episodes_with_success": 235,
      "episodes_without_success": 65,
      "first_success_rank_mean": 2.8638297872340424,
      "first_success_rank_median": 1.0,
      "near_miss_count": 68,
      "rank_histogram": {
        "1": 167,
        "4": 9,
        "6": 2,
        "2": 18,
        "5": 10,
        "28": 1,
        "21": 2,
        "3": 6,
        "16": 3,
        "8": 2,
        "22": 1,
        "13": 4,
        "11": 2,
        "9": 1,
        "10": 1,
        "19": 2,
        "7": 1,
        "18": 1,
        "12": 1,
        "30": 1
      },
      "top1_success_recall": 55.666666666666664,
      "top3_success_recall": 63.66666666666667,
      "top5_success_recall": 70.0,
      "top10_success_recall": 72.33333333333334,
      "top30_success_recall": 78.33333333333333,
      "split": "splitA_train42_44_val45_47"
    },
    {
      "score": "raw_stateroll_cost",
      "candidate_auc": 0.4903915391952305,
      "episodes": 300,
      "episodes_with_success": 235,
      "episodes_without_success": 65,
      "first_success_rank_mean": 3.5914893617021275,
      "first_success_rank_median": 1.0,
      "near_miss_count": 68,
      "rank_histogram": {
        "1": 167,
        "16": 2,
        "11": 2,
        "5": 4,
        "8": 7,
        "3": 10,
        "2": 11,
        "10": 1,
        "29": 4,
        "4": 3,
        "7": 3,
        "15": 2,
        "22": 2,
        "21": 1,
        "24": 1,
        "25": 2,
        "14": 2,
        "28": 1,
        "9": 4,
        "6": 3,
        "27": 1,
        "13": 1,
        "17": 1
      },
      "top1_success_recall": 55.666666666666664,
      "top3_success_recall": 62.66666666666667,
      "top5_success_recall": 65.0,
      "top10_success_recall": 71.0,
      "top30_success_recall": 78.33333333333333,
      "split": "splitB_train45_47_val42_44"
    },
    {
      "score": "bce_calibrated_utility",
      "candidate_auc": 0.6902100835394706,
      "episodes": 300,
      "episodes_with_success": 235,
      "episodes_without_success": 65,
      "first_success_rank_mean": 3.25531914893617,
      "first_success_rank_median": 1.0,
      "near_miss_count": 69,
      "rank_histogram": {
        "1": 166,
        "11": 1,
        "14": 3,
        "5": 11,
        "2": 9,
        "12": 3,
        "7": 2,
        "3": 11,
        "4": 5,
        "15": 3,
        "8": 3,
        "23": 1,
        "27": 1,
        "6": 3,
        "20": 1,
        "25": 2,
        "18": 1,
        "16": 2,
        "28": 1,
        "10": 4,
        "19": 1,
        "26": 1
      },
      "top1_success_recall": 55.333333333333336,
      "top3_success_recall": 62.0,
      "top5_success_recall": 67.33333333333333,
      "top10_success_recall": 71.33333333333334,
      "top30_success_recall": 78.33333333333333,
      "split": "splitB_train45_47_val42_44"
    },
    {
      "score": "rank_preserve_utility",
      "candidate_auc": 0.613070265721604,
      "episodes": 300,
      "episodes_with_success": 235,
      "episodes_without_success": 65,
      "first_success_rank_mean": 3.3574468085106384,
      "first_success_rank_median": 1.0,
      "near_miss_count": 64,
      "rank_histogram": {
        "1": 171,
        "11": 3,
        "13": 2,
        "5": 7,
        "10": 3,
        "8": 2,
        "2": 9,
        "6": 5,
        "15": 2,
        "23": 1,
        "28": 2,
        "4": 5,
        "7": 3,
        "3": 6,
        "20": 1,
        "27": 2,
        "24": 1,
        "18": 2,
        "12": 2,
        "9": 2,
        "22": 2,
        "25": 1,
        "17": 1
      },
      "top1_success_recall": 56.99999999999999,
      "top3_success_recall": 62.0,
      "top5_success_recall": 66.0,
      "top10_success_recall": 71.0,
      "top30_success_recall": 78.33333333333333,
      "split": "splitB_train45_47_val42_44"
    }
  ],
  "localized_activation_metrics": [
    {
      "source": "strong_baseline_comparison",
      "gate_type": "corrected conservative gate",
      "score_used": "rank_preserve_utility",
      "mode": "conservative_harmed0",
      "top1": 82.0,
      "fixed": 6,
      "harmed": 0,
      "net": 6,
      "switches": 8,
      "stateroll_only_recovered": 6,
      "note": "Canonical safe operating point; bsl is an evaluation reference."
    },
    {
      "source": "strong_baseline_comparison",
      "gate_type": "detector-v2 gate",
      "score_used": "rank_preserve_utility",
      "mode": "detector_v2_safe",
      "top1": 82.0,
      "fixed": 6,
      "harmed": 0,
      "net": 6,
      "switches": 8,
      "stateroll_only_recovered": 6,
      "note": "Detector-v2 safe operating point using calibrated rank-preserve utility."
    },
    {
      "source": "strong_baseline_comparison",
      "gate_type": "detector-v2 gate",
      "score_used": "localized raw MoDA cost",
      "mode": "balanced_harmed2",
      "top1": 83.16666666666667,
      "fixed": 15,
      "harmed": 2,
      "net": 13,
      "switches": 59,
      "stateroll_only_recovered": 9,
      "note": "Balanced localized activation; this is deployment-level, not a global ranking metric."
    },
    {
      "source": "selector_v3_ablation",
      "gate_type": "global raw MoDA cost",
      "score_used": "raw_cost",
      "mode": "global_raw_cost",
      "top1": 80.0,
      "fixed": 0,
      "harmed": 0,
      "net": 0,
      "switches": 0,
      "stateroll_only_recovered": 0,
      "note": "Global raw-cost override is an ablation; it does not support the method."
    },
    {
      "source": "selector_v3_ablation",
      "gate_type": "fixed precision gate",
      "score_used": "raw_cost",
      "mode": "fixed_precision_raw",
      "top1": 81.66666666666667,
      "fixed": 6,
      "harmed": 2,
      "net": 4,
      "switches": 17,
      "stateroll_only_recovered": 6,
      "note": "Raw cost restricted by the older fixed gate."
    },
    {
      "source": "selector_v3_ablation",